Unknown,2025-11-18 14:53:59,2025-11-18 14:53:59
jaeha,2025-11-18 14:54:03,2025-11-18 14:54:09
Unknown,2025-11-18 14:54:24,2025-11-18 14:54:24
jaeha,2025-11-18 14:54:26,2025-11-18 14:54:36
jaeha,2025-11-18 14:59:08,2025-11-18 14:59:12
jaeha,2025-11-18 14:59:20,2025-11-18 14:59:30
Unknown,2025-11-18 14:59:44,2025-11-18 14:59:44
jaeha,2025-11-18 14:59:38,2025-11-18 14:59:47
jaeha,2025-11-18 14:59:54,2025-11-18 14:59:57
Unknown,2025-11-18 14:59:58,2025-11-18 14:59:58
Unknown,2025-11-18 15:00:23,2025-11-18 15:00:23
jaeha,2025-11-18 15:00:14,2025-11-18 15:00:33
